Chord Name,Chord Type,Ft-E,Ft-A,Ft-D,Ft-G,Ft-B,Ft-e,Fg-E,Fg-A,Fg-D,Fg-G,Fg-B,Fg-e,Fn-E,Fn-A,Fn-D,Fn-G,Fn-B,Fn-e,Fi-E,Fi-A,Fi-D,Fi-G,Fi-B,Fi-e,Fret Positions,Finger Positions,Notes,Sorted Intervals,Grouping
A,,0,0,2,2,2,0,0,0,1,2,3,0,E,A,E,A,Db,E,5,1,5,1,3,5,0-0-2-2-2-0,0-0-1-2-3-0,E A E A Db E,1 3 5 ,
A,,0,0,2,2,2,0,0,0,2,1,3,0,E,A,E,A,Db,E,5,1,5,1,3,5,0-0-2-2-2-0,0-0-2-1-3-0,E A E A Db E,1 3 5 ,
A+,+,x,0,3,2,2,1,x,0,4,2,3,1,,A,F,A,Db,F,,1,b6,1,3,b6,x-0-3-2-2-1,x-0-4-2-3-1,A F A Db F,1 3 b6 ,
A+7,7,x,0,3,0,2,1,x,0,3,0,2,1,,A,F,G,Db,F,,1,b6,b7,3,b6,x-0-3-0-2-1,x-0-3-0-2-1,A F G Db F,1 3 b6 b7 ,
A7,7,x,0,2,0,2,0,0,0,1,0,2,0,,A,E,G,Db,E,,1,5,b7,3,5,x-0-2-0-2-0,0-0-1-0-2-0,A E G Db E,1 3 5 b7 ,
A7,7,x,0,2,0,2,0,0,0,2,0,3,0,,A,E,G,Db,E,,1,5,b7,3,5,x-0-2-0-2-0,0-0-2-0-3-0,A E G Db E,1 3 5 b7 ,
A7,7,x,0,2,2,2,3,0,0,1,2,3,4,,A,E,A,Db,G,,1,5,1,3,b7,x-0-2-2-2-3,0-0-1-2-3-4,A E A Db G,1 3 5 b7 ,
A7,7,x,0,2,2,2,3,x,0,1,1,1,2,,A,E,A,Db,G,,1,5,1,3,b7,x-0-2-2-2-3,x-0-1-1-1-2,A E A Db G,1 3 5 b7 ,
A7b5,7b5,x,0,1,2,2,3,x,0,1,2,2,4,,A,Eb,A,Db,G,,1,b5,1,3,b7,x-0-1-2-2-3,x-0-1-2-2-4,A Eb A Db G,1 3 b5 b7 ,
Adim,dim,5,x,x,5,4,5,2,x,x,3,1,4,A,,,C,Eb,A,1,,,b3,b5,1,5-x-x-5-4-5,2-x-x-3-1-4,A C Eb A,1 b3 b5 ,
Adim,dim,x,0,1,2,1,x,0,0,1,3,2,0,,A,Eb,A,C,,,1,b5,1,b3,,x-0-1-2-1-x,0-0-1-3-2-0,A Eb A C,1 b3 b5 ,
Adim,dim,x,0,1,2,1,x,x,0,1,3,2,x,,A,Eb,A,C,,,1,b5,1,b3,,x-0-1-2-1-x,x-0-1-3-2-x,A Eb A C,1 b3 b5 ,
Am,m,x,0,2,2,1,0,0,0,2,3,1,0,,A,E,A,C,E,,1,5,1,b3,5,x-0-2-2-1-0,0-0-2-3-1-0,A E A C E,1 b3 5 ,
Am,m,x,0,2,2,1,0,x,0,2,3,1,0,,A,E,A,C,E,,1,5,1,b3,5,x-0-2-2-1-0,x-0-2-3-1-0,A E A C E,1 b3 5 ,
Am7,m7,x,0,2,0,1,0,0,0,2,0,1,0,,A,E,G,C,E,,1,5,b7,b3,5,x-0-2-0-1-0,0-0-2-0-1-0,A E G C E,1 b3 5 b7 ,
Am7,m7,x,0,2,2,1,3,0,0,2,3,1,4,,A,E,A,C,G,,1,5,1,b3,b7,x-0-2-2-1-3,0-0-2-3-1-4,A E A C G,1 b3 5 b7 ,
Am7,m7,x,0,2,2,1,3,x,0,2,3,1,4,,A,E,A,C,G,,1,5,1,b3,b7,x-0-2-2-1-3,x-0-2-3-1-4,A E A C G,1 b3 5 b7 ,
Am7b5,m7b5,5,x,5,5,4,x,2,x,3,4,1,x,A,,G,C,Eb,,1,,b7,b3,b5,,5-x-5-5-4-x,2-x-3-4-1-x,A G C Eb,1 b3 b5 b7 ,
Am7b5,m7b5,x,0,1,2,1,3,x,0,1,2,1,4,,A,Eb,A,C,G,,1,b5,1,b3,b7,x-0-1-2-1-3,x-0-1-2-1-4,A Eb A C G,1 b3 b5 b7 ,
Am7b5,m7b5,x,x,1,2,1,3,0,0,1,3,2,4,,,Eb,A,C,G,,,b5,1,b3,b7,x-x-1-2-1-3,0-0-1-3-2-4,Eb A C G,1 b3 b5 b7 ,
Asus2,sus2,5,x,x,4,5,5,2,x,x,1,3,4,A,,,B,E,A,1,,,2,5,1,5-x-x-4-5-5,2-x-x-1-3-4,A B E A,1 2 5 ,
Asus2,sus2,x,0,2,2,0,0,0,0,1,2,0,0,,A,E,A,B,E,,1,5,1,2,5,x-0-2-2-0-0,0-0-1-2-0-0,A E A B E,1 2 5 ,
Asus2,sus2,x,0,2,2,0,0,x,0,1,2,0,0,,A,E,A,B,E,,1,5,1,2,5,x-0-2-2-0-0,x-0-1-2-0-0,A E A B E,1 2 5 ,
Asus4,sus4,x,0,2,2,3,0,0,0,1,2,3,0,,A,E,A,D,E,,1,5,1,4,5,x-0-2-2-3-0,0-0-1-2-3-0,A E A D E,1 4 5 ,
Asus4,sus4,x,0,2,2,3,0,x,0,1,2,4,0,,A,E,A,D,E,,1,5,1,4,5,x-0-2-2-3-0,x-0-1-2-4-0,A E A D E,1 4 5 ,
Ab,,4,3,1,1,1,x,0,3,1,1,1,0,Ab,C,Eb,Ab,C,,1,3,5,1,3,,4-3-1-1-1-x,0-3-1-1-1-0,Ab C Eb Ab C,1 3 5 ,
Ab,,4,3,1,1,1,x,4,3,1,1,1,x,Ab,C,Eb,Ab,C,,1,3,5,1,3,,4-3-1-1-1-x,4-3-1-1-1-x,Ab C Eb Ab C,1 3 5 ,
Ab+,+,0,3,2,1,1,0,0,4,3,1,2,0,E,C,E,Ab,C,E,b6,3,b6,1,3,b6,0-3-2-1-1-0,0-4-3-1-2-0,E C E Ab C E,1 3 b6 ,
Ab+7,7,0,3,2,1,1,2,0,4,2,1,1,3,E,C,E,Ab,C,Gb,b6,3,b6,1,3,b7,0-3-2-1-1-2,0-4-2-1-1-3,E C E Ab C Gb,1 3 b6 b7 ,
Ab+7,7,4,x,4,5,5,x,1,x,2,3,4,x,Ab,,Gb,C,E,,1,,b7,3,b6,,4-x-4-5-5-x,1-x-2-3-4-x,Ab Gb C E,1 3 b6 b7 ,
Ab7,7,x,x,1,1,1,2,0,0,1,1,1,2,,,Eb,Ab,C,Gb,,,5,1,3,b7,x-x-1-1-1-2,0-0-1-1-1-2,Eb Ab C Gb,1 3 5 b7 ,
Ab7,7,x,x,1,1,1,2,x,x,1,1,1,2,,,Eb,Ab,C,Gb,,,5,1,3,b7,x-x-1-1-1-2,x-x-1-1-1-2,Eb Ab C Gb,1 3 5 b7 ,
Ab7b5,7b5,4,x,4,5,3,x,0,0,3,4,2,0,Ab,,Gb,C,D,,1,,b7,3,b5,,4-x-4-5-3-x,0-0-3-4-2-0,Ab Gb C D,1 3 b5 b7 ,
Ab7b5,7b5,4,x,4,5,3,x,2,x,3,4,1,x,Ab,,Gb,C,D,,1,,b7,3,b5,,4-x-4-5-3-x,2-x-3-4-1-x,Ab Gb C D,1 3 b5 b7 ,
Ab7b5,7b5,x,x,0,1,1,2,x,x,0,1,1,2,,,D,Ab,C,Gb,,,b5,1,3,b7,x-x-0-1-1-2,x-x-0-1-1-2,D Ab C Gb,1 3 b5 b7 ,
Abdim,dim,4,x,x,4,3,4,2,x,x,3,1,4,Ab,,,B,D,Ab,1,,,b3,b5,1,4-x-x-4-3-4,2-x-x-3-1-4,Ab B D Ab,1 b3 b5 ,
Abdim,dim,x,2,0,1,3,4,x,2,0,1,3,4,,B,D,Ab,D,Ab,,b3,b5,1,b5,1,x-2-0-1-3-4,x-2-0-1-3-4,B D Ab D Ab,1 b3 b5 ,
Abdim,dim,x,x,0,1,0,1,0,0,0,1,0,2,,,D,Ab,B,F,,,b5,1,b3,6,x-x-0-1-0-1,0-0-0-1-0-2,D Ab B F,1 b3 b5 6 ,
Abm,m,x,2,1,1,4,4,0,2,1,1,4,4,,B,Eb,Ab,Eb,Ab,,b3,5,1,5,1,x-2-1-1-4-4,0-2-1-1-4-4,B Eb Ab Eb Ab,1 b3 5 ,
Abm,m,x,x,1,4,4,4,x,x,1,4,4,4,,,Eb,B,Eb,Ab,,,5,b3,5,1,x-x-1-4-4-4,x-x-1-4-4-4,Eb B Eb Ab,1 b3 5 ,
Abm7,m7,4,x,4,4,4,x,2,x,3,3,3,x,Ab,,Gb,B,Eb,,1,,b7,b3,5,,4-x-4-4-4-x,2-x-3-3-3-x,Ab Gb B Eb,1 b3 5 b7 ,
Abm7b5,m7b5,4,x,4,4,3,x,2,x,3,4,1,x,Ab,,Gb,B,D,,1,,b7,b3,b5,,4-x-4-4-3-x,2-x-3-4-1-x,Ab Gb B D,1 b3 b5 b7 ,
Absus2,sus2,x,1,1,1,4,4,x,1,1,1,4,4,,Bb,Eb,Ab,Eb,Ab,,2,5,1,5,1,x-1-1-1-4-4,x-1-1-1-4-4,Bb Eb Ab Eb Ab,1 2 5 ,
Absus2,sus2,x,1,1,1,x,x,0,1,2,3,0,0,,Bb,Eb,Ab,,,,2,5,1,,,x-1-1-1-x-x,0-1-2-3-0-0,Bb Eb Ab,1 2 5 ,
Absus4,sus4,x,x,1,1,2,4,0,0,1,1,2,4,,,Eb,Ab,Db,Ab,,,5,1,4,1,x-x-1-1-2-4,0-0-1-1-2-4,Eb Ab Db Ab,1 4 5 ,
Absus4,sus4,x,x,1,1,2,4,x,x,1,1,2,4,,,Eb,Ab,Db,Ab,,,5,1,4,1,x-x-1-1-2-4,x-x-1-1-2-4,Eb Ab Db Ab,1 4 5 ,
B,,x,2,4,4,4,2,0,1,3,3,3,1,,B,Gb,B,Eb,Gb,,1,5,1,3,5,x-2-4-4-4-2,0-1-3-3-3-1,B Gb B Eb Gb,1 3 5 ,
B,,x,2,4,4,4,4,x,1,3,3,3,x,,B,Gb,B,Eb,Ab,,1,5,1,3,6,x-2-4-4-4-4,x-1-3-3-3-x,B Gb B Eb Ab,1 3 5 6 ,
B+,+,x,2,1,0,0,3,x,2,1,0,0,4,,B,Eb,G,B,G,,1,3,b6,1,b6,x-2-1-0-0-3,x-2-1-0-0-4,B Eb G B G,1 3 b6 ,
B+,+,x,2,5,4,4,3,0,1,4,2,3,1,,B,G,B,Eb,G,,1,b6,1,3,b6,x-2-5-4-4-3,0-1-4-2-3-1,B G B Eb G,1 3 b6 ,
B+7,7,x,2,1,2,0,3,x,2,1,3,0,4,,B,Eb,A,B,G,,1,3,b7,1,b6,x-2-1-2-0-3,x-2-1-3-0-4,B Eb A B G,1 3 b6 b7 ,
B+7,7,x,2,5,2,4,x,x,1,4,1,3,x,,B,G,A,Eb,,,1,b6,b7,3,,x-2-5-2-4-x,x-1-4-1-3-x,B G A Eb,1 3 b6 b7 ,
B7,7,x,2,1,2,0,2,0,2,1,3,0,4,,B,Eb,A,B,Gb,,1,3,b7,1,5,x-2-1-2-0-2,0-2-1-3-0-4,B Eb A B Gb,1 3 5 b7 ,
B7,7,x,2,1,2,0,2,x,2,1,3,0,4,,B,Eb,A,B,Gb,,1,3,b7,1,5,x-2-1-2-0-2,x-2-1-3-0-4,B Eb A B Gb,1 3 5 b7 ,
B7,7,x,2,4,2,4,2,x,1,3,1,4,1,,B,Gb,A,Eb,Gb,,1,5,b7,3,5,x-2-4-2-4-2,x-1-3-1-4-1,B Gb A Eb Gb,1 3 5 b7 ,
Bdim,dim,x,2,0,4,3,1,x,2,0,4,3,1,,B,D,B,D,F,,1,b3,1,b3,b5,x-2-0-4-3-1,x-2-0-4-3-1,B D B D F,1 b3 b5 ,
Bdim,dim,x,2,3,4,3,x,0,1,2,4,3,0,,B,F,B,D,,,1,b5,1,b3,,x-2-3-4-3-x,0-1-2-4-3-0,B F B D,1 b3 b5 ,
Bdim,dim,x,2,3,4,3,x,x,1,2,4,3,x,,B,F,B,D,,,1,b5,1,b3,,x-2-3-4-3-x,x-1-2-4-3-x,B F B D,1 b3 b5 ,
Bm,m,x,2,4,4,3,2,0,1,3,4,2,1,,B,Gb,B,D,Gb,,1,5,1,b3,5,x-2-4-4-3-2,0-1-3-4-2-1,B Gb B D Gb,1 b3 5 ,
Bm,m,x,2,4,4,3,2,x,1,3,4,2,1,,B,Gb,B,D,Gb,,1,5,1,b3,5,x-2-4-4-3-2,x-1-3-4-2-1,B Gb B D Gb,1 b3 5 ,
Bm,m,x,2,4,4,3,x,0,1,3,4,2,0,,B,Gb,B,D,,,1,5,1,b3,,x-2-4-4-3-x,0-1-3-4-2-0,B Gb B D,1 b3 5 ,
Bm,m,x,5,4,4,3,x,x,4,2,3,1,x,,D,Gb,B,D,,,b3,5,1,b3,,x-5-4-4-3-x,x-4-2-3-1-x,D Gb B D,1 b3 5 ,
Bm7,m7,x,2,0,2,0,2,0,2,0,3,0,4,,B,D,A,B,Gb,,1,b3,b7,1,5,x-2-0-2-0-2,0-2-0-3-0-4,B D A B Gb,1 b3 5 b7 ,
Bm7,m7,x,2,0,2,0,2,x,1,0,2,0,3,,B,D,A,B,Gb,,1,b3,b7,1,5,x-2-0-2-0-2,x-1-0-2-0-3,B D A B Gb,1 b3 5 b7 ,
Bm7,m7,x,2,4,2,3,2,x,1,3,1,2,1,,B,Gb,A,D,Gb,,1,5,b7,b3,5,x-2-4-2-3-2,x-1-3-1-2-1,B Gb A D Gb,1 b3 5 b7 ,
Bm7b5,m7b5,x,2,0,2,0,1,0,2,0,3,0,1,,B,D,A,B,F,,1,b3,b7,1,b5,x-2-0-2-0-1,0-2-0-3-0-1,B D A B F,1 b3 b5 b7 ,
Bm7b5,m7b5,x,2,0,2,0,1,x,2,0,3,0,1,,B,D,A,B,F,,1,b3,b7,1,b5,x-2-0-2-0-1,x-2-0-3-0-1,B D A B F,1 b3 b5 b7 ,
Bm7b5,m7b5,x,2,3,2,3,x,x,1,3,2,4,x,,B,F,A,D,,,1,b5,b7,b3,,x-2-3-2-3-x,x-1-3-2-4-x,B F A D,1 b3 b5 b7 ,
Bsus2,sus2,x,2,4,4,2,2,0,1,3,4,1,1,,B,Gb,B,Db,Gb,,1,5,1,2,5,x-2-4-4-2-2,0-1-3-4-1-1,B Gb B Db Gb,1 2 5 ,
Bsus2,sus2,x,2,4,4,2,2,x,1,3,4,1,1,,B,Gb,B,Db,Gb,,1,5,1,2,5,x-2-4-4-2-2,x-1-3-4-1-1,B Gb B Db Gb,1 2 5 ,
Bsus4,sus4,x,2,4,4,0,0,x,1,3,4,0,0,,B,Gb,B,B,E,,1,5,1,1,4,x-2-4-4-0-0,x-1-3-4-0-0,B Gb B B E,1 4 5 ,
Bsus4,sus4,x,2,4,4,5,2,0,1,2,3,4,1,,B,Gb,B,E,Gb,,1,5,1,4,5,x-2-4-4-5-2,0-1-2-3-4-1,B Gb B E Gb,1 4 5 ,
Bb,,x,1,3,3,3,1,0,1,3,3,3,1,,Bb,F,Bb,D,F,,1,5,1,3,5,x-1-3-3-3-1,0-1-3-3-3-1,Bb F Bb D F,1 3 5 ,
Bb,,x,1,3,3,3,x,0,1,2,3,4,0,,Bb,F,Bb,D,,,1,5,1,3,,x-1-3-3-3-x,0-1-2-3-4-0,Bb F Bb D,1 3 5 ,
Bb,,x,1,3,3,3,x,x,1,3,3,3,x,,Bb,F,Bb,D,,,1,5,1,3,,x-1-3-3-3-x,x-1-3-3-3-x,Bb F Bb D,1 3 5 ,
Bb,,x,x,0,3,3,1,x,x,0,3,4,1,,,D,Bb,D,F,,,3,1,3,5,x-x-0-3-3-1,x-x-0-3-4-1,D Bb D F,1 3 5 ,
Bb+,+,x,1,0,3,3,2,x,1,0,3,3,2,,Bb,D,Bb,D,Gb,,1,3,1,3,b6,x-1-0-3-3-2,x-1-0-3-3-2,Bb D Bb D Gb,1 3 b6 ,
Bb+,+,x,1,4,3,3,2,0,1,4,2,3,1,,Bb,Gb,Bb,D,Gb,,1,b6,1,3,b6,x-1-4-3-3-2,0-1-4-2-3-1,Bb Gb Bb D Gb,1 3 b6 ,
Bb+7,7,x,1,0,2,3,2,x,1,0,1,4,3,,Bb,D,A,D,Gb,,1,3,7,3,b6,x-1-0-2-3-2,x-1-0-1-4-3,Bb D A D Gb,1 3 b6 7 ,
Bb+7,7,x,1,4,1,3,x,x,1,4,1,3,x,,Bb,Gb,Ab,D,,,1,b6,b7,3,,x-1-4-1-3-x,x-1-4-1-3-x,Bb Gb Ab D,1 3 b6 b7 ,
Bb7,7,x,1,3,1,3,1,x,1,3,1,4,1,,Bb,F,Ab,D,F,,1,5,b7,3,5,x-1-3-1-3-1,x-1-3-1-4-1,Bb F Ab D F,1 3 5 b7 ,
Bb7,7,x,1,3,1,4,1,0,1,3,1,4,1,,Bb,F,Ab,Eb,F,,1,5,b7,4,5,x-1-3-1-4-1,0-1-3-1-4-1,Bb F Ab Eb F,1 4 5 b7 ,
Bb7,7,x,x,3,3,3,4,x,x,1,1,1,2,,,F,Bb,D,Ab,,,5,1,3,b7,x-x-3-3-3-4,x-x-1-1-1-2,F Bb D Ab,1 3 5 b7 ,
Bb7b5,7b5,x,1,0,1,3,0,x,1,0,1,4,0,,Bb,D,Ab,D,E,,1,3,b7,3,b5,x-1-0-1-3-0,x-1-0-1-4-0,Bb D Ab D E,1 3 b5 b7 ,
Bb7b5,7b5,x,1,2,1,3,x,x,1,2,1,4,x,,Bb,E,Ab,D,,,1,b5,b7,3,,x-1-2-1-3-x,x-1-2-1-4-x,Bb E Ab D,1 3 b5 b7 ,
Bbdim,dim,x,1,2,3,2,0,x,1,2,4,3,0,,Bb,E,Bb,Db,E,,1,b5,1,b3,b5,x-1-2-3-2-0,x-1-2-4-3-0,Bb E Bb Db E,1 b3 b5 ,
Bbdim,dim,x,1,2,3,2,x,0,1,2,4,3,0,,Bb,E,Bb,Db,,,1,b5,1,b3,,x-1-2-3-2-x,0-1-2-4-3-0,Bb E Bb Db,1 b3 b5 ,
Bbdim,dim,x,4,2,3,2,x,x,3,1,2,1,x,,Db,E,Bb,Db,,,b3,b5,1,b3,,x-4-2-3-2-x,x-3-1-2-1-x,Db E Bb Db,1 b3 b5 ,
Bbm,m,x,1,3,3,2,1,0,1,3,4,2,1,,Bb,F,Bb,Db,F,,1,5,1,b3,5,x-1-3-3-2-1,0-1-3-4-2-1,Bb F Bb Db F,1 b3 5 ,
Bbm,m,x,1,3,3,2,1,x,1,3,4,2,1,,Bb,F,Bb,Db,F,,1,5,1,b3,5,x-1-3-3-2-1,x-1-3-4-2-1,Bb F Bb Db F,1 b3 5 ,
Bbm7,m7,x,1,3,1,2,1,0,1,3,1,2,1,,Bb,F,Ab,Db,F,,1,5,b7,b3,5,x-1-3-1-2-1,0-1-3-1-2-1,Bb F Ab Db F,1 b3 5 b7 ,
Bbm7,m7,x,1,3,1,2,1,x,1,3,1,2,1,,Bb,F,Ab,Db,F,,1,5,b7,b3,5,x-1-3-1-2-1,x-1-3-1-2-1,Bb F Ab Db F,1 b3 5 b7 ,
Bbm7b5,m7b5,x,1,2,1,2,0,x,1,3,2,4,x,,Bb,E,Ab,Db,E,,1,b5,b7,b3,b5,x-1-2-1-2-0,x-1-3-2-4-x,Bb E Ab Db E,1 b3 b5 b7 ,
Bbsus2,sus2,x,1,3,3,1,1,0,1,3,4,1,1,,Bb,F,Bb,C,F,,1,5,1,2,5,x-1-3-3-1-1,0-1-3-4-1-1,Bb F Bb C F,1 2 5 ,
Bbsus2,sus2,x,1,3,3,1,1,x,1,3,4,1,1,,Bb,F,Bb,C,F,,1,5,1,2,5,x-1-3-3-1-1,x-1-3-4-1-1,Bb F Bb C F,1 2 5 ,
Bbsus4,sus4,x,1,3,3,4,1,0,1,2,3,4,1,,Bb,F,Bb,Eb,F,,1,5,1,4,5,x-1-3-3-4-1,0-1-2-3-4-1,Bb F Bb Eb F,1 4 5 ,
Bbsus4,sus4,x,1,3,3,4,1,x,1,2,3,4,1,,Bb,F,Bb,Eb,F,,1,5,1,4,5,x-1-3-3-4-1,x-1-2-3-4-1,Bb F Bb Eb F,1 4 5 ,
C,,0,3,2,0,1,0,0,3,2,0,1,0,E,C,E,G,C,E,3,1,3,5,1,3,0-3-2-0-1-0,0-3-2-0-1-0,E C E G C E,1 3 5 ,
C,,0,3,5,5,5,x,0,1,3,3,3,0,E,C,G,C,E,,3,1,5,1,3,,0-3-5-5-5-x,0-1-3-3-3-0,E C G C E,1 3 5 ,
C,,4,3,1,1,1,x,4,3,1,1,1,x,Ab,C,Eb,Ab,C,,b6,1,b3,b6,1,,4-3-1-1-1-x,4-3-1-1-1-x,Ab C Eb Ab C,1 b3 b6 ,
C+,+,x,3,2,1,1,x,x,3,2,1,1,x,,C,E,Ab,C,,,1,3,b6,1,,x-3-2-1-1-x,x-3-2-1-1-x,C E Ab C,1 3 b6 ,
C+,+,x,3,x,5,5,4,x,1,x,3,4,2,,C,,C,E,Ab,,1,,1,3,b6,x-3-x-5-5-4,x-1-x-3-4-2,C C E Ab,1 3 b6 ,
C+,+,x,x,2,1,1,4,0,0,2,1,1,4,,,E,Ab,C,Ab,,,3,b6,1,b6,x-x-2-1-1-4,0-0-2-1-1-4,E Ab C Ab,1 3 b6 ,
C+7,7,x,x,2,3,1,4,x,x,2,3,1,4,,,E,Bb,C,Ab,,,3,b7,1,b6,x-x-2-3-1-4,x-x-2-3-1-4,E Bb C Ab,1 3 b6 b7 ,
C7,7,x,3,2,3,1,0,0,3,2,4,1,0,,C,E,Bb,C,E,,1,3,b7,1,3,x-3-2-3-1-0,0-3-2-4-1-0,C E Bb C E,1 3 b7 ,
C7,7,x,3,2,3,1,0,x,3,2,4,1,0,,C,E,Bb,C,E,,1,3,b7,1,3,x-3-2-3-1-0,x-3-2-4-1-0,C E Bb C E,1 3 b7 ,
C7,7,x,3,5,3,5,3,x,1,3,1,4,1,,C,G,Bb,E,G,,1,5,b7,3,5,x-3-5-3-5-3,x-1-3-1-4-1,C G Bb E G,1 3 5 b7 ,
C7b5,7b5,2,x,2,3,1,x,2,x,3,4,1,x,Gb,,E,Bb,C,,b5,,3,b7,1,,2-x-2-3-1-x,2-x-3-4-1-x,Gb E Bb C,1 3 b5 b7 ,
C7b5,7b5,x,3,4,3,5,x,0,1,3,2,4,0,,C,Gb,Bb,E,,,1,b5,b7,3,,x-3-4-3-5-x,0-1-3-2-4-0,C Gb Bb E,1 3 b5 b7 ,
C7b5,7b5,x,3,4,3,5,x,x,1,2,1,4,x,,C,Gb,Bb,E,,,1,b5,b7,3,,x-3-4-3-5-x,x-1-2-1-4-x,C Gb Bb E,1 3 b5 b7 ,
Cdim,dim,x,3,4,2,1,x,0,3,4,2,1,0,,C,Gb,A,C,,,1,b5,6,1,,x-3-4-2-1-x,0-3-4-2-1-0,C Gb A C,1 b5 6 ,
Cdim,dim,x,x,4,5,4,2,x,x,2,4,3,1,,,Gb,C,Eb,Gb,,,b5,1,b3,b5,x-x-4-5-4-2,x-x-2-4-3-1,Gb C Eb Gb,1 b3 b5 ,
Cm,m,x,3,1,0,1,x,0,4,2,0,1,0,,C,Eb,G,C,,,1,b3,5,1,,x-3-1-0-1-x,0-4-2-0-1-0,C Eb G C,1 b3 5 ,
Cm7,m7,3,x,1,3,1,x,3,x,1,4,1,x,G,,Eb,Bb,C,,5,,b3,b7,1,,3-x-1-3-1-x,3-x-1-4-1-x,G Eb Bb C,1 b3 5 b7 ,
Cm7,m7,x,3,5,3,4,3,x,1,3,1,2,1,,C,G,Bb,Eb,G,,1,5,b7,b3,5,x-3-5-3-4-3,x-1-3-1-2-1,C G Bb Eb G,1 b3 5 b7 ,
Cm7,m7,x,x,1,3,1,3,0,0,1,3,1,4,,,Eb,Bb,C,G,,,b3,b7,1,5,x-x-1-3-1-3,0-0-1-3-1-4,Eb Bb C G,1 b3 5 b7 ,
Cm7b5,m7b5,2,x,1,3,1,x,2,x,1,4,1,x,Gb,,Eb,Bb,C,,b5,,b3,b7,1,,2-x-1-3-1-x,2-x-1-4-1-x,Gb Eb Bb C,1 b3 b5 b7 ,
Cm7b5,m7b5,x,3,4,3,4,x,0,1,2,2,4,0,,C,Gb,Bb,Eb,,,1,b5,b7,b3,,x-3-4-3-4-x,0-1-2-2-4-0,C Gb Bb Eb,1 b3 b5 b7 ,
Cm7b5,m7b5,x,3,4,3,4,x,x,1,2,1,3,x,,C,Gb,Bb,Eb,,,1,b5,b7,b3,,x-3-4-3-4-x,x-1-2-1-3-x,C Gb Bb Eb,1 b3 b5 b7 ,
Csus2,sus2,x,3,0,0,1,3,x,3,0,0,1,4,,C,D,G,C,G,,1,2,5,1,5,x-3-0-0-1-3,x-3-0-0-1-4,C D G C G,1 2 5 ,
Csus2,sus2,x,3,5,5,3,3,0,1,3,4,1,1,,C,G,C,D,G,,1,5,1,2,5,x-3-5-5-3-3,0-1-3-4-1-1,C G C D G,1 2 5 ,
D,,x,0,0,2,3,2,0,0,0,1,3,2,,A,D,A,D,Gb,,5,1,5,1,3,x-0-0-2-3-2,0-0-0-1-3-2,A D A D Gb,1 3 5 ,
D,,x,0,0,2,3,2,x,x,0,1,3,2,,A,D,A,D,Gb,,5,1,5,1,3,x-0-0-2-3-2,x-x-0-1-3-2,A D A D Gb,1 3 5 ,
D,,x,x,0,2,3,2,0,0,0,1,3,2,,,D,A,D,Gb,,,1,5,1,3,x-x-0-2-3-2,0-0-0-1-3-2,D A D Gb,1 3 5 ,
D+,+,x,5,4,3,3,x,x,3,2,1,1,x,,D,Gb,Bb,D,,,1,3,b6,1,,x-5-4-3-3-x,x-3-2-1-1-x,D Gb Bb D,1 3 b6 ,
D+,+,x,x,0,3,3,1,x,x,0,2,3,1,,,D,Bb,D,F,,,1,b6,1,b3,x-x-0-3-3-1,x-x-0-2-3-1,D Bb D F,1 b3 b6 ,
D+,+,x,x,0,3,3,2,0,0,0,2,3,1,,,D,Bb,D,Gb,,,1,b6,1,3,x-x-0-3-3-2,0-0-0-2-3-1,D Bb D Gb,1 3 b6 ,
D+7,7,x,x,0,3,1,2,x,x,0,3,1,2,,,D,Bb,C,Gb,,,1,b6,b7,3,x-x-0-3-1-2,x-x-0-3-1-2,D Bb C Gb,1 3 b6 b7 ,
D7,7,x,0,0,2,1,2,0,0,0,2,1,3,,A,D,A,C,Gb,,5,1,5,b7,3,x-0-0-2-1-2,0-0-0-2-1-3,A D A C Gb,1 3 5 b7 ,
D7,7,x,x,0,2,1,2,0,0,0,2,1,3,,,D,A,C,Gb,,,1,5,b7,3,x-x-0-2-1-2,0-0-0-2-1-3,D A C Gb,1 3 5 b7 ,
D7,7,x,x,0,2,1,2,x,x,0,2,1,3,,,D,A,C,Gb,,,1,5,b7,3,x-x-0-2-1-2,x-x-0-2-1-3,D A C Gb,1 3 5 b7 ,
D7,7,x,x,4,5,3,5,x,x,2,3,1,4,,,Gb,C,D,A,,,3,b7,1,5,x-x-4-5-3-5,x-x-2-3-1-4,Gb C D A,1 3 5 b7 ,
D7b5,7b5,x,x,0,1,1,2,x,x,0,1,1,3,,,D,Ab,C,Gb,,,1,b5,b7,3,x-x-0-1-1-2,x-x-0-1-1-3,D Ab C Gb,1 3 b5 b7 ,
D7b5,7b5,x,x,4,5,3,4,x,x,2,4,1,3,,,Gb,C,D,Ab,,,3,b7,1,b5,x-x-4-5-3-4,x-x-2-4-1-3,Gb C D Ab,1 3 b5 b7 ,
Ddim,dim,x,x,0,1,3,1,x,x,0,1,3,1,,,D,Ab,D,F,,,1,b5,1,b3,x-x-0-1-3-1,x-x-0-1-3-1,D Ab D F,1 b3 b5 ,
Dm,m,x,0,0,2,3,1,0,0,0,2,3,1,,A,D,A,D,F,,5,1,5,1,b3,x-0-0-2-3-1,0-0-0-2-3-1,A D A D F,1 b3 5 ,
Dm,m,x,x,0,2,3,1,0,0,0,2,3,1,,,D,A,D,F,,,1,5,1,b3,x-x-0-2-3-1,0-0-0-2-3-1,D A D F,1 b3 5 ,
Dm,m,x,x,0,2,3,1,x,x,0,2,3,1,,,D,A,D,F,,,1,5,1,b3,x-x-0-2-3-1,x-x-0-2-3-1,D A D F,1 b3 5 ,
Dm7,m7,x,x,0,2,1,1,0,0,0,2,1,1,,,D,A,C,F,,,1,5,b7,b3,x-x-0-2-1-1,0-0-0-2-1-1,D A C F,1 b3 5 b7 ,
Dm7,m7,x,x,0,2,1,1,x,x,0,2,1,1,,,D,A,C,F,,,1,5,b7,b3,x-x-0-2-1-1,x-x-0-2-1-1,D A C F,1 b3 5 b7 ,
Dm7b5,m7b5,4,x,3,5,3,x,2,x,1,3,1,x,Ab,,F,C,D,,b5,,b3,b7,1,,4-x-3-5-3-x,2-x-1-3-1-x,Ab F C D,1 b3 b5 b7 ,
Dm7b5,m7b5,x,x,0,1,1,1,0,0,0,1,1,1,,,D,Ab,C,F,,,1,b5,b7,b3,x-x-0-1-1-1,0-0-0-1-1-1,D Ab C F,1 b3 b5 b7 ,
Dm7b5,m7b5,x,x,0,1,1,1,x,x,0,1,1,1,,,D,Ab,C,F,,,1,b5,b7,b3,x-x-0-1-1-1,x-x-0-1-1-1,D Ab C F,1 b3 b5 b7 ,
Dsus2,sus2,x,x,0,2,3,0,0,0,0,1,3,0,,,D,A,D,E,,,1,5,1,2,x-x-0-2-3-0,0-0-0-1-3-0,D A D E,1 2 5 ,
Dsus2,sus2,x,x,0,2,3,0,x,x,0,1,3,0,,,D,A,D,E,,,1,5,1,2,x-x-0-2-3-0,x-x-0-1-3-0,D A D E,1 2 5 ,
Dsus4,sus4,x,x,0,2,3,3,0,0,0,1,3,4,,,D,A,D,G,,,1,5,1,4,x-x-0-2-3-3,0-0-0-1-3-4,D A D G,1 4 5 ,
Db,,x,4,3,1,2,1,0,4,3,1,2,1,,Db,F,Ab,Db,F,,1,3,5,1,3,x-4-3-1-2-1,0-4-3-1-2-1,Db F Ab Db F,1 3 5 ,
Db,,x,4,3,1,2,1,x,4,3,1,2,1,,Db,F,Ab,Db,F,,1,3,5,1,3,x-4-3-1-2-1,x-4-3-1-2-1,Db F Ab Db F,1 3 5 ,
Db+,+,x,4,3,2,2,x,0,4,3,1,2,0,,Db,F,A,Db,,,1,3,b6,1,,x-4-3-2-2-x,0-4-3-1-2-0,Db F A Db,1 3 b6 ,
Db+,+,x,4,3,2,2,x,x,3,2,1,1,x,,Db,F,A,Db,,,1,3,b6,1,,x-4-3-2-2-x,x-3-2-1-1-x,Db F A Db,1 3 b6 ,
Db+7,7,x,4,3,2,0,1,x,4,3,2,0,1,,Db,F,A,B,F,,1,3,b6,b7,3,x-4-3-2-0-1,x-4-3-2-0-1,Db F A B F,1 3 b6 b7 ,
Db+7,7,x,x,3,4,2,5,x,x,2,3,1,4,,,F,B,Db,A,,,3,b7,1,b6,x-x-3-4-2-5,x-x-2-3-1-4,F B Db A,1 3 b6 b7 ,
Db7,7,x,4,3,4,2,x,x,3,2,4,1,x,,Db,F,B,Db,,,1,3,b7,1,,x-4-3-4-2-x,x-3-2-4-1-x,Db F B Db,1 3 b7 ,
Db7,7,x,x,3,4,2,4,0,0,2,3,1,4,,,F,B,Db,Ab,,,3,b7,1,5,x-x-3-4-2-4,0-0-2-3-1-4,F B Db Ab,1 3 5 b7 ,
Db7,7,x,x,3,4,2,4,x,x,2,3,1,4,,,F,B,Db,Ab,,,3,b7,1,5,x-x-3-4-2-4,x-x-2-3-1-4,F B Db Ab,1 3 5 b7 ,
Db7b5,7b5,3,0,3,4,2,x,0,0,3,4,1,0,G,A,F,B,Db,,b5,b6,3,b7,1,,3-0-3-4-2-x,0-0-3-4-1-0,G A F B Db,1 3 b5 b6 b7 ,
Db7b5,7b5,3,x,3,4,2,x,2,x,3,4,1,x,G,,F,B,Db,,b5,,3,b7,1,,3-x-3-4-2-x,2-x-3-4-1-x,G F B Db,1 3 b5 b7 ,
Db7b5,7b5,x,4,5,4,4,x,x,1,2,1,4,x,,Db,G,B,Eb,,,1,b5,b7,2,,x-4-5-4-4-x,x-1-2-1-4-x,Db G B Eb,1 2 b5 b7 ,
Dbdim,dim,x,4,2,0,2,0,x,4,1,0,2,0,,Db,E,G,Db,E,,1,b3,b5,1,b3,x-4-2-0-2-0,x-4-1-0-2-0,Db E G Db E,1 b3 b5 ,
Dbdim,dim,x,x,2,3,2,3,0,0,1,3,2,4,,,E,Bb,Db,G,,,b3,6,1,b5,x-x-2-3-2-3,0-0-1-3-2-4,E Bb Db G,1 b3 b5 6 ,
Dbm,m,x,x,2,1,2,0,0,0,2,1,3,0,,,E,Ab,Db,E,,,b3,5,1,b3,x-x-2-1-2-0,0-0-2-1-3-0,E Ab Db E,1 b3 5 ,
Dbm,m,x,x,2,1,3,0,x,x,2,1,3,0,,,E,Ab,D,E,,,b3,5,b2,b3,x-x-2-1-3-0,x-x-2-1-3-0,E Ab D E,b2 b3 5 ,
Dbm7,m7,x,4,2,1,0,0,x,4,2,1,0,0,,Db,E,Ab,B,E,,1,b3,5,b7,b3,x-4-2-1-0-0,x-4-2-1-0-0,Db E Ab B E,1 b3 5 b7 ,
Dbm7,m7,x,x,2,4,2,4,0,0,1,3,1,4,,,E,B,Db,Ab,,,b3,b7,1,5,x-x-2-4-2-4,0-0-1-3-1-4,E B Db Ab,1 b3 5 b7 ,
Dbm7b5,m7b5,x,2,2,0,2,0,0,1,2,0,3,0,,B,E,G,Db,E,,b7,b3,b5,1,b3,x-2-2-0-2-0,0-1-2-0-3-0,B E G Db E,1 b3 b5 b7 ,
Dbm7b5,m7b5,x,4,2,0,0,0,x,3,1,0,0,0,,Db,E,G,B,E,,1,b3,b5,b7,b3,x-4-2-0-0-0,x-3-1-0-0-0,Db E G B E,1 b3 b5 b7 ,
Dbm7b5,m7b5,x,4,5,4,5,x,x,1,2,1,3,x,,Db,G,B,E,,,1,b5,b7,b3,,x-4-5-4-5-x,x-1-2-1-3-x,Db G B E,1 b3 b5 b7 ,
Dbsus2,sus2,x,x,1,1,3,x,x,x,1,1,3,x,,,Eb,Ab,D,,,,2,5,b2,,x-x-1-1-3-x,x-x-1-1-3-x,Eb Ab D,b2 2 5 ,
Dbsus2,sus2,x,x,3,3,1,1,0,0,3,4,1,1,,,F,Bb,C,F,,,3,6,7,3,x-x-3-3-1-1,0-0-3-4-1-1,F Bb C F,3 6 7 ,
Dbsus4,sus4,x,x,3,3,4,1,0,0,2,3,4,1,,,F,Bb,Eb,F,,,3,6,2,3,x-x-3-3-4-1,0-0-2-3-4-1,F Bb Eb F,2 3 6 ,
Dbsus4,sus4,x,x,x,1,2,2,x,x,x,1,3,4,,,,Ab,Db,Gb,,,,5,1,4,x-x-x-1-2-2,x-x-x-1-3-4,Ab Db Gb,1 4 5 ,
E,,0,2,2,1,0,0,0,2,3,1,0,0,E,B,E,Ab,B,E,1,5,1,3,5,1,0-2-2-1-0-0,0-2-3-1-0-0,E B E Ab B E,1 3 5 ,
E+,+,0,3,2,1,1,0,0,4,3,1,2,0,E,C,E,Ab,C,E,1,b6,1,3,b6,1,0-3-2-1-1-0,0-4-3-1-2-0,E C E Ab C E,1 3 b6 ,
E+,+,4,x,x,5,5,4,1,x,x,3,4,2,Ab,,,C,E,Ab,3,,,b6,1,3,4-x-x-5-5-4,1-x-x-3-4-2,Ab C E Ab,1 3 b6 ,
E+,+,x,x,2,1,1,0,x,x,3,1,2,0,,,E,Ab,C,E,,,1,3,b6,1,x-x-2-1-1-0,x-x-3-1-2-0,E Ab C E,1 3 b6 ,
E+7,7,x,x,0,1,1,0,x,x,0,1,2,0,,,D,Ab,C,E,,,b7,3,b6,1,x-x-0-1-1-0,x-x-0-1-2-0,D Ab C E,1 3 b6 b7 ,
E+7,7,x,x,2,5,3,4,x,x,1,4,2,3,,,E,C,D,Ab,,,1,b6,b7,3,x-x-2-5-3-4,x-x-1-4-2-3,E C D Ab,1 3 b6 b7 ,
E7,7,0,2,0,1,0,0,0,2,0,1,0,0,E,B,D,Ab,B,E,1,5,b7,3,5,1,0-2-0-1-0-0,0-2-0-1-0-0,E B D Ab B E,1 3 5 b7 ,
E7,7,x,x,2,4,3,4,x,x,1,3,2,4,,,E,B,D,Ab,,,1,5,b7,3,x-x-2-4-3-4,x-x-1-3-2-4,E B D Ab,1 3 5 b7 ,
E7b5,7b5,x,1,0,1,3,0,0,1,0,2,4,0,,Bb,D,Ab,D,E,,b5,b7,3,b7,1,x-1-0-1-3-0,0-1-0-2-4-0,Bb D Ab D E,1 3 b5 b7 ,
E7b5,7b5,x,x,2,3,3,4,x,x,1,2,3,4,,,E,Bb,D,Ab,,,1,b5,b7,3,x-x-2-3-3-4,x-x-1-2-3-4,E Bb D Ab,1 3 b5 b7 ,
Edim,dim,x,1,2,3,2,x,0,1,2,4,3,0,,Bb,E,Bb,Db,,,b5,1,b5,6,,x-1-2-3-2-x,0-1-2-4-3-0,Bb E Bb Db,1 b5 6 ,
Edim,dim,x,x,2,3,5,3,x,x,1,2,4,3,,,E,Bb,E,G,,,1,b5,1,b3,x-x-2-3-5-3,x-x-1-2-4-3,E Bb E G,1 b3 b5 ,
Em,m,0,2,2,0,0,0,0,2,3,0,0,0,E,B,E,G,B,E,1,5,1,b3,5,1,0-2-2-0-0-0,0-2-3-0-0-0,E B E G B E,1 b3 5 ,
Em,m,x,x,2,4,5,3,x,x,1,3,4,2,,,E,B,E,G,,,1,5,1,b3,x-x-2-4-5-3,x-x-1-3-4-2,E B E G,1 b3 5 ,
Em7,m7,0,2,0,0,0,0,0,2,0,0,0,0,E,B,D,G,B,E,1,5,b7,b3,5,1,0-2-0-0-0-0,0-2-0-0-0-0,E B D G B E,1 b3 5 b7 ,
Em7,m7,0,2,2,0,3,0,0,2,3,0,4,0,E,B,E,G,D,E,1,5,1,b3,b7,1,0-2-2-0-3-0,0-2-3-0-4-0,E B E G D E,1 b3 5 b7 ,
Em7,m7,0,2,2,0,4,0,0,2,3,0,4,0,E,B,E,G,Eb,E,1,5,1,b3,7,1,0-2-2-0-4-0,0-2-3-0-4-0,E B E G Eb E,1 b3 5 7 ,
Em7,m7,x,x,2,4,3,3,x,x,1,4,2,3,,,E,B,D,G,,,1,5,b7,b3,x-x-2-4-3-3,x-x-1-4-2-3,E B D G,1 b3 5 b7 ,
Em7b5,m7b5,x,x,2,3,3,3,0,0,1,2,3,4,,,E,Bb,D,G,,,1,b5,b7,b3,x-x-2-3-3-3,0-0-1-2-3-4,E Bb D G,1 b3 b5 b7 ,
Em7b5,m7b5,x,x,2,3,3,3,x,x,1,3,3,3,,,E,Bb,D,G,,,1,b5,b7,b3,x-x-2-3-3-3,x-x-1-3-3-3,E Bb D G,1 b3 b5 b7 ,
Esus2,sus2,x,2,4,4,x,0,0,1,3,4,0,0,,B,Gb,B,,E,,5,2,5,,1,x-2-4-4-x-0,0-1-3-4-0-0,B Gb B E,1 2 5 ,
Esus2,sus2,x,x,2,4,5,2,x,x,1,3,4,1,,,E,B,E,Gb,,,1,5,1,2,x-x-2-4-5-2,x-x-1-3-4-1,E B E Gb,1 2 5 ,
Esus4,sus4,0,2,2,2,0,0,0,2,3,4,0,0,E,B,E,A,B,E,1,5,1,4,5,1,0-2-2-2-0-0,0-2-3-4-0-0,E B E A B E,1 4 5 ,
Esus4,sus4,0,2,2,2,0,0,x,2,3,4,0,0,E,B,E,A,B,E,1,5,1,4,5,1,0-2-2-2-0-0,x-2-3-4-0-0,E B E A B E,1 4 5 ,
Esus4,sus4,x,x,2,4,5,5,x,x,1,3,4,4,,,E,B,E,A,,,1,5,1,4,x-x-2-4-5-5,x-x-1-3-4-4,E B E A,1 4 5 ,
Eb,,x,x,1,3,4,3,x,x,1,2,4,3,,,Eb,Bb,Eb,G,,,1,5,1,3,x-x-1-3-4-3,x-x-1-2-4-3,Eb Bb Eb G,1 3 5 ,
Eb,,x,x,5,3,4,3,0,0,4,1,3,2,,,G,Bb,Eb,G,,,3,5,1,3,x-x-5-3-4-3,0-0-4-1-3-2,G Bb Eb G,1 3 5 ,
Eb+,+,3,2,1,0,0,3,0,2,1,0,0,4,G,B,Eb,G,B,G,3,b6,1,3,b6,3,3-2-1-0-0-3,0-2-1-0-0-4,G B Eb G B G,1 3 b6 ,
Eb+,+,x,x,1,0,0,3,x,x,1,0,0,3,,,Eb,G,B,G,,,1,3,b6,3,x-x-1-0-0-3,x-x-1-0-0-3,Eb G B G,1 3 b6 ,
Eb+,+,x,x,5,4,4,3,x,x,4,2,3,1,,,G,B,Eb,G,,,3,b6,1,3,x-x-5-4-4-3,x-x-4-2-3-1,G B Eb G,1 3 b6 ,
Eb+7,7,x,2,1,0,2,3,x,2,1,0,3,4,,B,Eb,G,Db,G,,b6,1,3,b7,3,x-2-1-0-2-3,x-2-1-0-3-4,B Eb G Db G,1 3 b6 b7 ,
Eb7,7,x,4,x,3,4,3,x,2,x,1,3,1,,Db,,Bb,Eb,G,,b7,,5,1,3,x-4-x-3-4-3,x-2-x-1-3-1,Db Bb Eb G,1 3 5 b7 ,
Eb7,7,x,x,1,3,2,3,0,0,1,3,2,4,,,Eb,Bb,Db,G,,,1,5,b7,3,x-x-1-3-2-3,0-0-1-3-2-4,Eb Bb Db G,1 3 5 b7 ,
Eb7,7,x,x,1,3,2,3,x,x,1,3,2,4,,,Eb,Bb,Db,G,,,1,5,b7,3,x-x-1-3-2-3,x-x-1-3-2-4,Eb Bb Db G,1 3 5 b7 ,
Eb7b5,7b5,x,x,1,2,2,3,x,x,1,2,3,4,,,Eb,A,Db,G,,,1,b5,b7,3,x-x-1-2-2-3,x-x-1-2-3-4,Eb A Db G,1 3 b5 b7 ,
Eb7b5,7b5,x,x,1,2,2,4,0,0,1,2,3,4,,,Eb,A,Db,Ab,,,1,b5,b7,4,x-x-1-2-2-4,0-0-1-2-3-4,Eb A Db Ab,1 4 b5 b7 ,
Ebdim,dim,x,x,4,2,4,2,x,x,3,1,4,1,,,Gb,A,Eb,Gb,,,b3,b5,1,b3,x-x-4-2-4-2,x-x-3-1-4-1,Gb A Eb Gb,1 b3 b5 ,
Ebm,m,x,x,1,3,4,2,x,x,1,3,4,2,,,Eb,Bb,Eb,Gb,,,1,5,1,b3,x-x-1-3-4-2,x-x-1-3-4-2,Eb Bb Eb Gb,1 b3 5 ,
Ebm,m,x,x,4,3,4,2,0,0,3,2,4,1,,,Gb,Bb,Eb,Gb,,,b3,5,1,b3,x-x-4-3-4-2,0-0-3-2-4-1,Gb Bb Eb Gb,1 b3 5 ,
Ebm7,m7,x,x,1,3,2,2,0,0,1,4,2,3,,,Eb,Bb,Db,Gb,,,1,5,b7,b3,x-x-1-3-2-2,0-0-1-4-2-3,Eb Bb Db Gb,1 b3 5 b7 ,
Ebm7,m7,x,x,1,3,2,2,x,x,1,4,2,3,,,Eb,Bb,Db,Gb,,,1,5,b7,b3,x-x-1-3-2-2,x-x-1-4-2-3,Eb Bb Db Gb,1 b3 5 b7 ,
Ebm7b5,m7b5,x,x,1,2,2,2,0,0,1,2,3,4,,,Eb,A,Db,Gb,,,1,b5,b7,b3,x-x-1-2-2-2,0-0-1-2-3-4,Eb A Db Gb,1 b3 b5 b7 ,
Ebm7b5,m7b5,x,x,1,2,2,2,x,x,1,3,3,3,,,Eb,A,Db,Gb,,,1,b5,b7,b3,x-x-1-2-2-2,x-x-1-3-3-3,Eb A Db Gb,1 b3 b5 b7 ,
Ebsus2,sus2,1,1,1,3,x,1,0,1,1,3,0,1,F,Bb,Eb,Bb,,F,2,5,1,5,,2,1-1-1-3-x-1,0-1-1-3-0-1,F Bb Eb Bb F,1 2 5 ,
Ebsus2,sus2,x,x,1,3,4,1,x,x,1,3,4,1,,,Eb,Bb,Eb,F,,,1,5,1,2,x-x-1-3-4-1,x-x-1-3-4-1,Eb Bb Eb F,1 2 5 ,
Ebsus4,sus4,4,x,1,3,4,x,3,x,1,2,4,x,Ab,,Eb,Bb,Eb,,4,,1,5,1,,4-x-1-3-4-x,3-x-1-2-4-x,Ab Eb Bb Eb,1 4 5 ,
Ebsus4,sus4,x,x,1,3,4,4,0,0,1,3,4,4,,,Eb,Bb,Eb,Ab,,,1,5,1,4,x-x-1-3-4-4,0-0-1-3-4-4,Eb Bb Eb Ab,1 4 5 ,
F,,1,3,3,2,1,1,1,3,4,2,1,1,F,C,F,A,C,F,1,5,1,3,5,1,1-3-3-2-1-1,1-3-4-2-1-1,F C F A C F,1 3 5 ,
F,,x,x,3,2,1,1,0,0,3,2,1,1,,,F,A,C,F,,,1,3,5,1,x-x-3-2-1-1,0-0-3-2-1-1,F A C F,1 3 5 ,
F+,+,1,x,3,2,2,1,0,0,4,2,3,1,F,,F,A,Db,F,1,,1,3,b6,1,1-x-3-2-2-1,0-0-4-2-3-1,F F A Db F,1 3 b6 ,
F+,+,x,x,3,2,2,1,x,x,4,2,3,1,,,F,A,Db,F,,,1,3,b6,1,x-x-3-2-2-1,x-x-4-2-3-1,F A Db F,1 3 b6 ,
F+7,7,x,x,1,2,2,1,x,x,1,2,3,1,,,Eb,A,Db,F,,,b7,3,b6,1,x-x-1-2-2-1,x-x-1-2-3-1,Eb A Db F,1 3 b6 b7 ,
F7,7,1,3,1,2,1,1,0,3,1,2,1,1,F,C,Eb,A,C,F,1,5,b7,3,5,1,1-3-1-2-1-1,0-3-1-2-1-1,F C Eb A C F,1 3 5 b7 ,
F7,7,1,3,1,2,1,1,1,3,1,2,1,1,F,C,Eb,A,C,F,1,5,b7,3,5,1,1-3-1-2-1-1,1-3-1-2-1-1,F C Eb A C F,1 3 5 b7 ,
F7,7,x,x,3,5,4,5,x,x,1,3,2,4,,,F,C,Eb,A,,,1,5,b7,3,x-x-3-5-4-5,x-x-1-3-2-4,F C Eb A,1 3 5 b7 ,
F7b5,7b5,1,x,1,2,0,x,0,0,2,3,0,0,F,,Eb,A,B,,1,,b7,3,b5,,1-x-1-2-0-x,0-0-2-3-0-0,F Eb A B,1 3 b5 b7 ,
F7b5,7b5,x,x,1,2,0,1,x,x,1,3,0,2,,,Eb,A,B,F,,,b7,3,b5,1,x-x-1-2-0-1,x-x-1-3-0-2,Eb A B F,1 3 b5 b7 ,
F7b5,7b5,x,x,3,4,4,5,x,x,1,2,3,4,,,F,B,Eb,A,,,1,b5,b7,3,x-x-3-4-4-5,x-x-1-2-3-4,F B Eb A,1 3 b5 b7 ,
Fdim,dim,x,x,0,1,0,1,0,0,0,1,0,2,,,D,Ab,B,F,,,6,b3,b5,1,x-x-0-1-0-1,0-0-0-1-0-2,D Ab B F,1 b3 b5 6 ,
Fdim,dim,x,x,3,1,0,1,x,x,4,1,0,2,,,F,Ab,B,F,,,1,b3,b5,1,x-x-3-1-0-1,x-x-4-1-0-2,F Ab B F,1 b3 b5 ,
Fm,m,1,3,3,1,1,1,1,3,4,1,1,1,F,C,F,Ab,C,F,1,5,1,b3,5,1,1-3-3-1-1-1,1-3-4-1-1-1,F C F Ab C F,1 b3 5 ,
Fm7,m7,1,3,1,1,1,1,1,3,1,1,1,1,F,C,Eb,Ab,C,F,1,5,b7,b3,5,1,1-3-1-1-1-1,1-3-1-1-1-1,F C Eb Ab C F,1 b3 5 b7 ,
Fm7,m7,1,3,3,1,4,1,1,2,3,1,4,1,F,C,F,Ab,Eb,F,1,5,1,b3,b7,1,1-3-3-1-4-1,1-2-3-1-4-1,F C F Ab Eb F,1 b3 5 b7 ,
Fm7,m7,x,x,1,1,1,1,0,0,1,1,1,1,,,Eb,Ab,C,F,,,b7,b3,5,1,x-x-1-1-1-1,0-0-1-1-1-1,Eb Ab C F,1 b3 5 b7 ,
Fm7,m7,x,x,3,5,4,4,x,x,1,4,2,3,,,F,C,Eb,Ab,,,1,5,b7,b3,x-x-3-5-4-4,x-x-1-4-2-3,F C Eb Ab,1 b3 5 b7 ,
Fm7b5,m7b5,x,x,3,4,4,4,0,0,1,2,3,4,,,F,B,Eb,Ab,,,1,b5,b7,b3,x-x-3-4-4-4,0-0-1-2-3-4,F B Eb Ab,1 b3 b5 b7 ,
Fm7b5,m7b5,x,x,3,4,4,4,x,x,1,3,3,3,,,F,B,Eb,Ab,,,1,b5,b7,b3,x-x-3-4-4-4,x-x-1-3-3-3,F B Eb Ab,1 b3 b5 b7 ,
Fsus2,sus2,x,3,3,0,1,1,0,3,4,0,1,1,,C,F,G,C,F,,5,1,2,5,1,x-3-3-0-1-1,0-3-4-0-1-1,C F G C F,1 2 5 ,
Fsus2,sus2,x,x,3,0,1,1,x,x,3,0,1,1,,,F,G,C,F,,,1,2,5,1,x-x-3-0-1-1,x-x-3-0-1-1,F G C F,1 2 5 ,
Fsus4,sus4,1,1,3,3,1,1,1,1,4,3,1,1,F,Bb,F,Bb,C,F,1,4,1,4,5,1,1-1-3-3-1-1,1-1-4-3-1-1,F Bb F Bb C F,1 4 5 ,
Fsus4,sus4,1,3,3,3,1,1,0,2,3,4,1,1,F,C,F,Bb,C,F,1,5,1,4,5,1,1-3-3-3-1-1,0-2-3-4-1-1,F C F Bb C F,1 4 5 ,
Fsus4,sus4,1,3,3,3,1,1,1,2,3,4,1,1,F,C,F,Bb,C,F,1,5,1,4,5,1,1-3-3-3-1-1,1-2-3-4-1-1,F C F Bb C F,1 4 5 ,
G,,3,2,0,0,0,3,2,1,0,0,0,3,G,B,D,G,B,G,1,3,5,1,3,1,3-2-0-0-0-3,2-1-0-0-0-3,G B D G B G,1 3 5 ,
G,,3,5,5,4,3,3,1,3,4,2,1,1,G,D,G,B,D,G,1,5,1,3,5,1,3-5-5-4-3-3,1-3-4-2-1-1,G D G B D G,1 3 5 ,
G+,+,3,2,1,0,0,3,3,2,1,0,0,4,G,B,Eb,G,B,G,1,3,b6,1,3,1,3-2-1-0-0-3,3-2-1-0-0-4,G B Eb G B G,1 3 b6 ,
G+,+,3,x,5,4,4,x,1,x,4,2,3,x,G,,G,B,Eb,,1,,1,3,b6,,3-x-5-4-4-x,1-x-4-2-3-x,G G B Eb,1 3 b6 ,
G+,+,x,x,5,4,4,3,0,0,4,2,3,1,,,G,B,Eb,G,,,1,3,b6,1,x-x-5-4-4-3,0-0-4-2-3-1,G B Eb G,1 3 b6 ,
G7,7,3,2,0,0,0,1,0,2,0,0,0,1,G,B,D,G,B,F,1,3,5,1,3,b7,3-2-0-0-0-1,0-2-0-0-0-1,G B D G B F,1 3 5 b7 ,
G7,7,3,2,0,0,0,1,3,2,0,0,0,1,G,B,D,G,B,F,1,3,5,1,3,b7,3-2-0-0-0-1,3-2-0-0-0-1,G B D G B F,1 3 5 b7 ,
G7,7,3,5,3,4,3,3,1,3,1,2,1,1,G,D,F,B,D,G,1,5,b7,3,5,1,3-5-3-4-3-3,1-3-1-2-1-1,G D F B D G,1 3 5 b7 ,
G7b5,7b5,3,x,3,4,2,x,0,0,3,4,1,0,G,,F,B,Db,,1,,b7,3,b5,,3-x-3-4-2-x,0-0-3-4-1-0,G F B Db,1 3 b5 b7 ,
G7b5,7b5,3,x,3,4,2,x,2,x,3,4,1,x,G,,F,B,Db,,1,,b7,3,b5,,3-x-3-4-2-x,2-x-3-4-1-x,G F B Db,1 3 b5 b7 ,
G7b5,7b5,x,4,3,0,0,1,x,4,3,0,0,1,,Db,F,G,B,F,,b5,b7,1,3,b7,x-4-3-0-0-1,x-4-3-0-0-1,Db F G B F,1 3 b5 b7 ,
Gdim,dim,x,1,x,0,2,3,x,1,x,0,2,3,,Bb,,G,Db,G,,b3,,1,b5,1,x-1-x-0-2-3,x-1-x-0-2-3,Bb G Db G,1 b3 b5 ,
Gm,m,3,1,0,0,3,3,0,1,0,0,3,4,G,Bb,D,G,D,G,1,b3,5,1,5,1,3-1-0-0-3-3,0-1-0-0-3-4,G Bb D G D G,1 b3 5 ,
Gm,m,3,1,0,0,3,3,2,1,0,0,3,4,G,Bb,D,G,D,G,1,b3,5,1,5,1,3-1-0-0-3-3,2-1-0-0-3-4,G Bb D G D G,1 b3 5 ,
Gm,m,3,5,5,3,3,3,1,3,4,1,1,1,G,D,G,Bb,D,G,1,5,1,b3,5,1,3-5-5-3-3-3,1-3-4-1-1-1,G D G Bb D G,1 b3 5 ,
Gm7,m7,3,5,3,3,3,3,1,3,1,1,1,1,G,D,F,Bb,D,G,1,5,b7,b3,5,1,3-5-3-3-3-3,1-3-1-1-1-1,G D F Bb D G,1 b3 5 b7 ,
Gm7,m7,3,x,3,3,3,x,2,x,3,3,3,x,G,,F,Bb,D,,1,,b7,b3,5,,3-x-3-3-3-x,2-x-3-3-3-x,G F Bb D,1 b3 5 b7 ,
Gm7,m7,x,1,3,0,3,x,0,1,3,0,4,0,,Bb,F,G,D,,,b3,b7,1,5,,x-1-3-0-3-x,0-1-3-0-4-0,Bb F G D,1 b3 5 b7 ,
Gm7b5,m7b5,3,x,3,3,2,x,2,x,3,4,1,x,G,,F,Bb,Db,,1,,b7,b3,b5,,3-x-3-3-2-x,2-x-3-4-1-x,G F Bb Db,1 b3 b5 b7 ,
Gsus2,sus2,3,0,0,0,3,3,0,0,0,0,3,4,G,A,D,G,D,G,1,2,5,1,5,1,3-0-0-0-3-3,0-0-0-0-3-4,G A D G D G,1 2 5 ,
Gsus2,sus2,3,0,0,2,3,3,2,0,0,1,3,4,G,A,D,A,D,G,1,2,5,2,5,1,3-0-0-2-3-3,2-0-0-1-3-4,G A D A D G,1 2 5 ,
Gsus4,sus4,3,3,0,0,1,3,2,3,0,0,1,4,G,C,D,G,C,G,1,4,5,1,4,1,3-3-0-0-1-3,2-3-0-0-1-4,G C D G C G,1 4 5 ,
Gsus4,sus4,3,3,5,5,3,3,1,1,4,3,1,1,G,C,G,C,D,G,1,4,1,4,5,1,3-3-5-5-3-3,1-1-4-3-1-1,G C G C D G,1 4 5 ,
Gsus4,sus4,3,5,5,5,3,3,0,2,3,4,1,1,G,D,G,C,D,G,1,5,1,4,5,1,3-5-5-5-3-3,0-2-3-4-1-1,G D G C D G,1 4 5 ,
Gsus4,sus4,3,5,5,5,3,3,1,2,3,4,1,1,G,D,G,C,D,G,1,5,1,4,5,1,3-5-5-5-3-3,1-2-3-4-1-1,G D G C D G,1 4 5 ,
Gb,,2,4,4,3,2,2,0,3,4,2,1,1,Gb,Db,Gb,Bb,Db,Gb,1,5,1,3,5,1,2-4-4-3-2-2,0-3-4-2-1-1,Gb Db Gb Bb Db Gb,1 3 5 ,
Gb,,2,4,4,3,2,2,1,3,4,2,1,1,Gb,Db,Gb,Bb,Db,Gb,1,5,1,3,5,1,2-4-4-3-2-2,1-3-4-2-1-1,Gb Db Gb Bb Db Gb,1 3 5 ,
Gb+,+,x,x,0,3,3,2,x,x,0,2,3,1,,,D,Bb,D,Gb,,,b6,3,b6,1,x-x-0-3-3-2,x-x-0-2-3-1,D Bb D Gb,1 3 b6 ,
Gb+,+,x,x,4,3,3,2,0,0,4,2,3,1,,,Gb,Bb,D,Gb,,,1,3,b6,1,x-x-4-3-3-2,0-0-4-2-3-1,Gb Bb D Gb,1 3 b6 ,
Gb+7,7,x,x,4,3,3,0,x,x,3,1,2,0,,,Gb,Bb,D,E,,,1,3,b6,b7,x-x-4-3-3-0,x-x-3-1-2-0,Gb Bb D E,1 3 b6 b7 ,
Gb7,7,2,4,2,3,2,2,0,3,1,2,1,1,Gb,Db,E,Bb,Db,Gb,1,5,b7,3,5,1,2-4-2-3-2-2,0-3-1-2-1-1,Gb Db E Bb Db Gb,1 3 5 b7 ,
Gb7,7,2,4,2,3,2,2,1,3,1,2,1,1,Gb,Db,E,Bb,Db,Gb,1,5,b7,3,5,1,2-4-2-3-2-2,1-3-1-2-1-1,Gb Db E Bb Db Gb,1 3 5 b7 ,
Gb7,7,x,x,4,3,2,0,x,x,3,2,1,0,,,Gb,Bb,Db,E,,,1,3,5,b7,x-x-4-3-2-0,x-x-3-2-1-0,Gb Bb Db E,1 3 5 b7 ,
Gb7b5,7b5,2,x,2,3,1,x,0,0,3,4,1,0,Gb,,E,Bb,C,,1,,b7,3,b5,,2-x-2-3-1-x,0-0-3-4-1-0,Gb E Bb C,1 3 b5 b7 ,
Gb7b5,7b5,x,x,4,3,1,0,x,x,4,3,1,0,,,Gb,Bb,C,E,,,1,3,b5,b7,x-x-4-3-1-0,x-x-4-3-1-0,Gb Bb C E,1 3 b5 b7 ,
Gbdim,dim,2,x,x,2,1,2,2,x,x,3,1,4,Gb,,,A,C,Gb,1,,,b3,b5,1,2-x-x-2-1-2,2-x-x-3-1-4,Gb A C Gb,1 b3 b5 ,
Gbdim,dim,x,x,1,2,1,2,0,0,1,3,2,4,,,Eb,A,C,Gb,,,6,b3,b5,1,x-x-1-2-1-2,0-0-1-3-2-4,Eb A C Gb,1 b3 b5 6 ,
Gbm,m,2,4,4,2,2,2,0,3,4,1,1,1,Gb,Db,Gb,A,Db,Gb,1,5,1,b3,5,1,2-4-4-2-2-2,0-3-4-1-1-1,Gb Db Gb A Db Gb,1 b3 5 ,
Gbm,m,2,4,4,2,2,2,1,3,4,1,1,1,Gb,Db,Gb,A,Db,Gb,1,5,1,b3,5,1,2-4-4-2-2-2,1-3-4-1-1-1,Gb Db Gb A Db Gb,1 b3 5 ,
Gbm7,m7,2,4,2,2,2,2,1,3,1,1,1,1,Gb,Db,E,A,Db,Gb,1,5,b7,b3,5,1,2-4-2-2-2-2,1-3-1-1-1-1,Gb Db E A Db Gb,1 b3 5 b7 ,
Gbm7,m7,2,4,4,2,5,2,0,3,4,1,4,1,Gb,Db,Gb,A,E,Gb,1,5,1,b3,b7,1,2-4-4-2-5-2,0-3-4-1-4-1,Gb Db Gb A E Gb,1 b3 5 b7 ,
Gbm7b5,m7b5,2,x,2,2,1,x,2,x,3,4,1,x,Gb,,E,A,C,,1,,b7,b3,b5,,2-x-2-2-1-x,2-x-3-4-1-x,Gb E A C,1 b3 b5 b7 ,
Gbm7b5,m7b5,x,x,2,2,1,2,0,0,2,3,1,4,,,E,A,C,Gb,,,b7,b3,b5,1,x-x-2-2-1-2,0-0-2-3-1-4,E A C Gb,1 b3 b5 b7 ,
Gbm7b5,m7b5,x,x,4,5,5,5,x,x,1,3,3,3,,,Gb,C,E,A,,,1,b5,b7,b3,x-x-4-5-5-5,x-x-1-3-3-3,Gb C E A,1 b3 b5 b7 ,
Gbsus2,sus2,2,x,x,1,2,2,0,0,0,1,3,4,Gb,,,Ab,Db,Gb,1,,,2,5,1,2-x-x-1-2-2,0-0-0-1-3-4,Gb Ab Db Gb,1 2 5 ,
Gbsus2,sus2,2,x,x,1,2,2,2,x,x,1,3,4,Gb,,,Ab,Db,Gb,1,,,2,5,1,2-x-x-1-2-2,2-x-x-1-3-4,Gb Ab Db Gb,1 2 5 ,
Gbsus4,sus4,2,2,4,4,2,2,1,1,4,3,1,1,Gb,B,Gb,B,Db,Gb,1,4,1,4,5,1,2-2-4-4-2-2,1-1-4-3-1-1,Gb B Gb B Db Gb,1 4 5 ,
Gbsus4,sus4,2,4,4,4,2,2,1,2,3,4,1,1,Gb,Db,Gb,B,Db,Gb,1,5,1,4,5,1,2-4-4-4-2-2,1-2-3-4-1-1,Gb Db Gb B Db Gb,1 4 5 ,
